sep=;
"Part";"Value";"Device";"Package";"Description";"MPN";"VALUE";
"C1";"10UF 6.3V";"CERAMIC-10UF-6.3V-20%-X5R(0603)";"C0603";"302010286";"CC0603MRX5R5BB106";"10UF 6.3V";
"D1";"BLUE-0603";"SMD-LED-CLEAR-BLUE(0603)";"LED-0603";"304090045";"19-217-BHC-ZL1M2RY-3T";"BLUE-0603";
"D2";"1N4148";"SMD-DIODE-SWITCH-1N4148(LL-34)";"LL-34";"304040016";"1N4148";"1N4148";
"JP1";"";"PINHD-1X3";"1X03";"PIN HEADER";"";"";
"JP2";"";"PINHD-1X3";"1X03";"PIN HEADER";"";"";
"K1";"";"RELAY-HLS8L-DC5V-S-CHLS8L-DC5V-S-C";"REY5-19.0X15.0X15.0MM";"315030000";"";"";
"Q1";"S8050";"SMD-TRANSISTORS-NPN-25V-500MW-S8050(SOT-23)";"SOT-23";"305010017";"S8050";"S8050";
"R1";"470R";"SMD-RES-470R-5%-1/10W(0603)";"R0603";"301010088";"RC0603JR-07470RL";"470R";
"R2";"470R";"SMD-RES-470R-5%-1/10W(0603)";"R0603";"301010088";"RC0603JR-07470RL";"470R";
"R3";"47K";"SMD-RES-47K-5%-1/10W(0603)";"R0603";"301010084";"RC0603JR-0747KL";"47K";
"U1";"CJT1117-5.0-SOT223";"PMIC-CJT1117-5.0(SOT223)";"SOT-223";"310030096";"CJT1117-5.0";"CJT1117-5.0-SOT223";
